{
  "name": "Ana Morales",
  "condition": "diabetes",
  "start": "Siento que algo no está bien... tengo azúcar.",
  "responses": [
    {
      "keywords": [
        "azúcar"
      ],
      "reply": "Desde ayer tengo un malestar raro, especialmente en el/la azúcar."
    },
    {
      "keywords": [
        "sed"
      ],
      "reply": "Mi orina me preocupa mucho, no es normal para mí."
    }
  ],
  "question": "What is the main concern?",
  "choices": [
    "Diabetes",
    "Dizziness",
    "Nausea"
  ],
  "answer": "Diabetes"
}