{
  "name": "Carlos Mendoza",
  "condition": "miscarriage",
  "start": "Siento que algo no está bien... tengo dolor.",
  "responses": [
    {
      "keywords": [
        "sangrado"
      ],
      "reply": "Desde ayer tengo un malestar raro, especialmente en el/la perder bebé."
    },
    {
      "keywords": [
        "vientre"
      ],
      "reply": "Mi vientre me preocupa mucho, no es normal para mí."
    }
  ],
  "question": "What is the main concern?",
  "choices": [
    "Miscarriage",
    "Back pain",
    "Dizziness"
  ],
  "answer": "Miscarriage"
}