{
  "name": "Carlos Mendoza",
  "condition": "stomach_pain",
  "start": "Siento que algo no está bien... tengo vomito.",
  "responses": [
    {
      "keywords": [
        "dolor estómago"
      ],
      "reply": "Desde ayer tengo un malestar raro, especialmente en el/la dolor estómago."
    },
    {
      "keywords": [
        "nausea"
      ],
      "reply": "Mi vomito me preocupa mucho, no es normal para mí."
    }
  ],
  "question": "What is the main concern?",
  "choices": [
    "Stomach_pain",
    "Stomach pain",
    "Dizziness"
  ],
  "answer": "Stomach_pain"
}