{
  "name": "Carlos Mendoza",
  "condition": "diabetes",
  "start": "Siento que algo no está bien... tengo orina.",
  "responses": [
    {
      "keywords": [
        "azúcar"
      ],
      "reply": "Desde ayer tengo un malestar raro, especialmente en el/la mareo."
    },
    {
      "keywords": [
        "sed"
      ],
      "reply": "Mi orina me preocupa mucho, no es normal para mí."
    }
  ],
  "question": "What is the main concern?",
  "choices": [
    "Stomach pain",
    "Headache",
    "Diabetes"
  ],
  "answer": "Diabetes"
}