{
  "name": "Daniel Fernandez",
  "condition": "hipertension",
  "start": "Siento que algo no está bien... tengo mareo.",
  "responses": [
    {
      "keywords": [
        "presion"
      ],
      "reply": "Desde ayer tengo un malestar raro, especialmente en el/la mareo."
    },
    {
      "keywords": [
        "mareo"
      ],
      "reply": "Mi mareo me preocupa mucho, no es normal para mí."
    }
  ],
  "question": "What is the main concern?",
  "choices": [
    "Hipertension",
    "Dizziness",
    "Nausea"
  ],
  "answer": "Hipertension"
}