{
  "name": "Daniel Fernandez",
  "condition": "pregnancy",
  "start": "Siento que algo no está bien... tengo embarazada.",
  "responses": [
    {
      "keywords": [
        "embarazada"
      ],
      "reply": "Desde ayer tengo un malestar raro, especialmente en el/la embarazada."
    },
    {
      "keywords": [
        "bebe"
      ],
      "reply": "Mi bebe me preocupa mucho, no es normal para mí."
    }
  ],
  "question": "What is the main concern?",
  "choices": [
    "Pregnancy",
    "Headache",
    "Stomach pain"
  ],
  "answer": "Pregnancy"
}