{
  "name": "Daniel Fernandez",
  "condition": "diabetes",
  "start": "Siento que algo no está bien... tengo azúcar.",
  "responses": [
    {
      "keywords": [
        "azúcar"
      ],
      "reply": "Desde ayer tengo un malestar raro, especialmente en el/la sed."
    },
    {
      "keywords": [
        "sed"
      ],
      "reply": "Mi sed me preocupa mucho, no es normal para mí."
    }
  ],
  "question": "What is the main concern?",
  "choices": [
    "Diabetes",
    "Back pain",
    "Dizziness"
  ],
  "answer": "Diabetes"
}