{
  "name": "Daniel Fernandez",
  "condition": "stomach_pain",
  "start": "Siento que algo no está bien... tengo nausea.",
  "responses": [
    {
      "keywords": [
        "dolor estómago"
      ],
      "reply": "Desde ayer tengo un malestar raro, especialmente en el/la dolor estómago."
    },
    {
      "keywords": [
        "nausea"
      ],
      "reply": "Mi dolor estómago me preocupa mucho, no es normal para mí."
    }
  ],
  "question": "What is the main concern?",
  "choices": [
    "Headache",
    "Back pain",
    "Stomach_pain"
  ],
  "answer": "Stomach_pain"
}