{
  "name": "Daniel Fernandez",
  "condition": "headache",
  "start": "Siento que algo no está bien... tengo ruido molesta.",
  "responses": [
    {
      "keywords": [
        "dolor cabeza"
      ],
      "reply": "Desde ayer tengo un malestar raro, especialmente en el/la ruido molesta."
    },
    {
      "keywords": [
        "migraña"
      ],
      "reply": "Mi dolor cabeza me preocupa mucho, no es normal para mí."
    }
  ],
  "question": "What is the main concern?",
  "choices": [
    "Fever",
    "Headache",
    "Cough"
  ],
  "answer": "Headache"
}