{
  "name": "Fernando Ramirez",
  "condition": "asthma",
  "start": "Siento que algo no está bien... tengo ahogo.",
  "responses": [
    {
      "keywords": [
        "respirar"
      ],
      "reply": "Desde ayer tengo un malestar raro, especialmente en el/la respirar."
    },
    {
      "keywords": [
        "ahogo"
      ],
      "reply": "Mi respirar me preocupa mucho, no es normal para mí."
    }
  ],
  "question": "What is the main concern?",
  "choices": [
    "Dizziness",
    "Headache",
    "Asthma"
  ],
  "answer": "Asthma"
}