{
  "name": "Fernando Ramirez",
  "condition": "diabetes",
  "start": "Siento que algo no está bien... tengo sed.",
  "responses": [
    {
      "keywords": [
        "azúcar"
      ],
      "reply": "Desde ayer tengo un malestar raro, especialmente en el/la azúcar."
    },
    {
      "keywords": [
        "sed"
      ],
      "reply": "Mi azúcar me preocupa mucho, no es normal para mí."
    }
  ],
  "question": "What is the main concern?",
  "choices": [
    "Headache",
    "Nausea",
    "Diabetes"
  ],
  "answer": "Diabetes"
}