{
  "name": "Jose Garcia",
  "condition": "headache",
  "start": "Siento que algo no está bien... tengo ruido molesta.",
  "responses": [
    {
      "keywords": [
        "dolor cabeza"
      ],
      "reply": "Desde ayer tengo un malestar raro, especialmente en el/la migraña."
    },
    {
      "keywords": [
        "migraña"
      ],
      "reply": "Mi migraña me preocupa mucho, no es normal para mí."
    }
  ],
  "question": "What is the main concern?",
  "choices": [
    "Dizziness",
    "Headache",
    "Back pain"
  ],
  "answer": "Headache"
}