{
  "name": "Jose Garcia",
  "condition": "cold",
  "start": "Siento que algo no está bien... tengo resfriado.",
  "responses": [
    {
      "keywords": [
        "estornudo"
      ],
      "reply": "Desde ayer tengo un malestar raro, especialmente en el/la estornudo."
    },
    {
      "keywords": [
        "nariz"
      ],
      "reply": "Mi tos me preocupa mucho, no es normal para mí."
    }
  ],
  "question": "What is the main concern?",
  "choices": [
    "Cold",
    "Stomach pain",
    "Nausea"
  ],
  "answer": "Cold"
}