{
  "name": "Julio Martinez",
  "condition": "diabetes",
  "start": "Siento que algo no está bien... tengo mareo.",
  "responses": [
    {
      "keywords": [
        "azúcar"
      ],
      "reply": "Desde ayer tengo un malestar raro, especialmente en el/la mareo."
    },
    {
      "keywords": [
        "sed"
      ],
      "reply": "Mi azúcar me preocupa mucho, no es normal para mí."
    }
  ],
  "question": "What is the main concern?",
  "choices": [
    "Dizziness",
    "Fever",
    "Diabetes"
  ],
  "answer": "Diabetes"
}