{
  "name": "Laura Sanchez",
  "condition": "asthma",
  "start": "Siento que algo no está bien... tengo respirar.",
  "responses": [
    {
      "keywords": [
        "respirar"
      ],
      "reply": "Desde ayer tengo un malestar raro, especialmente en el/la pecho cerrado."
    },
    {
      "keywords": [
        "ahogo"
      ],
      "reply": "Mi ahogo me preocupa mucho, no es normal para mí."
    }
  ],
  "question": "What is the main concern?",
  "choices": [
    "Fever",
    "Asthma",
    "Cough"
  ],
  "answer": "Asthma"
}