{
  "name": "Laura Sanchez",
  "condition": "pregnancy",
  "start": "Siento que algo no está bien... tengo dolor espalda.",
  "responses": [
    {
      "keywords": [
        "embarazada"
      ],
      "reply": "Desde ayer tengo un malestar raro, especialmente en el/la movimiento."
    },
    {
      "keywords": [
        "bebe"
      ],
      "reply": "Mi dolor espalda me preocupa mucho, no es normal para mí."
    }
  ],
  "question": "What is the main concern?",
  "choices": [
    "Pregnancy",
    "Dizziness",
    "Fever"
  ],
  "answer": "Pregnancy"
}