{
  "name": "Lucia Rojas",
  "condition": "cold",
  "start": "Siento que algo no está bien... tengo estornudo.",
  "responses": [
    {
      "keywords": [
        "estornudo"
      ],
      "reply": "Desde ayer tengo un malestar raro, especialmente en el/la estornudo."
    },
    {
      "keywords": [
        "nariz"
      ],
      "reply": "Mi nariz me preocupa mucho, no es normal para mí."
    }
  ],
  "question": "What is the main concern?",
  "choices": [
    "Cold",
    "Back pain",
    "Fever"
  ],
  "answer": "Cold"
}