{
  "name": "Lucia Rojas",
  "condition": "diabetes",
  "start": "Siento que algo no está bien... tengo azúcar.",
  "responses": [
    {
      "keywords": [
        "azúcar"
      ],
      "reply": "Desde ayer tengo un malestar raro, especialmente en el/la mareo."
    },
    {
      "keywords": [
        "sed"
      ],
      "reply": "Mi sed me preocupa mucho, no es normal para mí."
    }
  ],
  "question": "What is the main concern?",
  "choices": [
    "Cough",
    "Stomach pain",
    "Diabetes"
  ],
  "answer": "Diabetes"
}