{
  "name": "Lucia Rojas",
  "condition": "miscarriage",
  "start": "Siento que algo no está bien... tengo vientre.",
  "responses": [
    {
      "keywords": [
        "sangrado"
      ],
      "reply": "Desde ayer tengo un malestar raro, especialmente en el/la sangrado."
    },
    {
      "keywords": [
        "vientre"
      ],
      "reply": "Mi vientre me preocupa mucho, no es normal para mí."
    }
  ],
  "question": "What is the main concern?",
  "choices": [
    "Cough",
    "Stomach pain",
    "Miscarriage"
  ],
  "answer": "Miscarriage"
}