{
  "name": "Maria Lopez",
  "condition": "asthma",
  "start": "Siento que algo no está bien... tengo ahogo.",
  "responses": [
    {
      "keywords": [
        "respirar"
      ],
      "reply": "Desde ayer tengo un malestar raro, especialmente en el/la respirar."
    },
    {
      "keywords": [
        "ahogo"
      ],
      "reply": "Mi pecho cerrado me preocupa mucho, no es normal para mí."
    }
  ],
  "question": "What is the main concern?",
  "choices": [
    "Asthma",
    "Fever",
    "Stomach pain"
  ],
  "answer": "Asthma"
}