{
  "name": "Maria Lopez",
  "condition": "pregnancy",
  "start": "Siento que algo no está bien... tengo bebe.",
  "responses": [
    {
      "keywords": [
        "embarazada"
      ],
      "reply": "Desde ayer tengo un malestar raro, especialmente en el/la embarazada."
    },
    {
      "keywords": [
        "bebe"
      ],
      "reply": "Mi embarazada me preocupa mucho, no es normal para mí."
    }
  ],
  "question": "What is the main concern?",
  "choices": [
    "Pregnancy",
    "Fever",
    "Stomach pain"
  ],
  "answer": "Pregnancy"
}