{
  "name": "Miguel Diaz",
  "condition": "diabetes",
  "start": "Siento que algo no está bien... tengo mareo.",
  "responses": [
    {
      "keywords": [
        "azúcar"
      ],
      "reply": "Desde ayer tengo un malestar raro, especialmente en el/la sed."
    },
    {
      "keywords": [
        "sed"
      ],
      "reply": "Mi mareo me preocupa mucho, no es normal para mí."
    }
  ],
  "question": "What is the main concern?",
  "choices": [
    "Nausea",
    "Stomach pain",
    "Diabetes"
  ],
  "answer": "Diabetes"
}