{
  "name": "Miguel Diaz",
  "condition": "hipertension",
  "start": "Siento que algo no está bien... tengo presion.",
  "responses": [
    {
      "keywords": [
        "presion"
      ],
      "reply": "Desde ayer tengo un malestar raro, especialmente en el/la mareo."
    },
    {
      "keywords": [
        "mareo"
      ],
      "reply": "Mi presion me preocupa mucho, no es normal para mí."
    }
  ],
  "question": "What is the main concern?",
  "choices": [
    "Dizziness",
    "Stomach pain",
    "Hipertension"
  ],
  "answer": "Hipertension"
}