{
  "name": "Miguel Diaz",
  "condition": "pregnancy",
  "start": "Siento que algo no está bien... tengo embarazada.",
  "responses": [
    {
      "keywords": [
        "embarazada"
      ],
      "reply": "Desde ayer tengo un malestar raro, especialmente en el/la dolor espalda."
    },
    {
      "keywords": [
        "bebe"
      ],
      "reply": "Mi movimiento me preocupa mucho, no es normal para mí."
    }
  ],
  "question": "What is the main concern?",
  "choices": [
    "Stomach pain",
    "Pregnancy",
    "Dizziness"
  ],
  "answer": "Pregnancy"
}