{
  "name": "Miguel Diaz",
  "condition": "asthma",
  "start": "Siento que algo no está bien... tengo pecho cerrado.",
  "responses": [
    {
      "keywords": [
        "respirar"
      ],
      "reply": "Desde ayer tengo un malestar raro, especialmente en el/la ahogo."
    },
    {
      "keywords": [
        "ahogo"
      ],
      "reply": "Mi ahogo me preocupa mucho, no es normal para mí."
    }
  ],
  "question": "What is the main concern?",
  "choices": [
    "Dizziness",
    "Nausea",
    "Asthma"
  ],
  "answer": "Asthma"
}