{
  "name": "Patricia Ruiz",
  "condition": "chest_pain",
  "start": "Siento que algo no está bien... tengo dolor pecho.",
  "responses": [
    {
      "keywords": [
        "dolor pecho"
      ],
      "reply": "Desde ayer tengo un malestar raro, especialmente en el/la dolor pecho."
    },
    {
      "keywords": [
        "presion"
      ],
      "reply": "Mi dolor pecho me preocupa mucho, no es normal para mí."
    }
  ],
  "question": "What is the main concern?",
  "choices": [
    "Back pain",
    "Cough",
    "Chest_pain"
  ],
  "answer": "Chest_pain"
}