{
  "name": "Patricia Ruiz",
  "condition": "cold",
  "start": "Siento que algo no está bien... tengo estornudo.",
  "responses": [
    {
      "keywords": [
        "estornudo"
      ],
      "reply": "Desde ayer tengo un malestar raro, especialmente en el/la nariz."
    },
    {
      "keywords": [
        "nariz"
      ],
      "reply": "Mi resfriado me preocupa mucho, no es normal para mí."
    }
  ],
  "question": "What is the main concern?",
  "choices": [
    "Headache",
    "Nausea",
    "Cold"
  ],
  "answer": "Cold"
}