{
  "name": "Sofia Gutierrez",
  "condition": "miscarriage",
  "start": "Siento que algo no está bien... tengo perder bebé.",
  "responses": [
    {
      "keywords": [
        "sangrado"
      ],
      "reply": "Desde ayer tengo un malestar raro, especialmente en el/la perder bebé."
    },
    {
      "keywords": [
        "vientre"
      ],
      "reply": "Mi perder bebé me preocupa mucho, no es normal para mí."
    }
  ],
  "question": "What is the main concern?",
  "choices": [
    "Back pain",
    "Headache",
    "Miscarriage"
  ],
  "answer": "Miscarriage"
}